date,cpi,unemployment,fund_rate,retail,durables,gdp,SP500,cpi_rate,unemployment_rate,fund_rate_rate,retail_rate,durables_rate,gdp_rate,SP500_rate
1992-03-01,139.3,7.4,3.98,142488,129309,37522.65875422349,407.3645449551669,,,,,,,
1992-04-01,139.5,7.4,3.73,147175,123268,37607.0,407.40714372907365,0.00143575017946862,0.0,-0.06281407035175879,0.03289399809106741,-0.04671755252921295,-0.04671755252921295,0.00010457162861698954
1992-05-01,139.7,7.6,3.82,152420,122274,37685.05611828204,414.814501953125,0.0014336917562722817,0.027027027027026973,0.024128686327077764,0.03563784610157983,-0.008063731057533219,-0.008063731057533219,0.018181709226427367
1992-06-01,140.2,7.8,3.76,151849,131268,37754.69896798958,408.2745472301136,0.0035790980672869566,0.026315789473684292,-0.015706806282722474,-0.0037462275291956226,0.07355611168359588,0.07355611168359588,-0.01576597416970338
1992-07-01,140.5,7.7,3.25,152586,103025,37839.0,415.0513638583097,0.0021398002853068032,-0.012820512820512775,-0.13563829787234039,0.0048535057853524854,-0.21515525489837584,-0.21515525489837584,0.016598675264408502
1992-08-01,140.9,7.6,3.3,152476,113623,37938.89394671679,417.9271429152716,0.002846975088967918,-0.012987012987013102,0.01538461538461533,-0.0007209049323004812,0.1028682358650812,0.1028682358650812,0.00692873053163523
1992-09-01,141.3,7.6,3.22,148158,126277,38042.01294513948,418.4771423339844,0.002838892831795725,0.0,-0.024242424242424176,-0.028319210892206015,0.1113682969117169,0.1113682969117169,0.0013160174638962019
1992-10-01,141.8,7.3,3.1,155987,131334,38102.0,412.5027285489169,0.0035385704175512345,-0.03947368421052633,-0.037267080745341685,0.05284223599130655,0.04004688106305987,0.04004688106305987,-0.014276559411934064
1992-11-01,142.0,7.4,3.09,154824,121759,38106.585884118205,422.8439971923828,0.0014104372355430161,0.013698630136986356,-0.003225806451612967,-0.007455749517587984,-0.0729057212907549,-0.0729057212907549,0.025069576339152855
1992-12-01,141.9,7.4,2.92,191347,131937,38067.09103603168,435.6395457874645,-0.0007042253521126751,0.0,-0.055016181229773475,0.23590011884462347,0.08359135669642481,0.08359135669642481,0.030260684034873586
1993-01-01,142.6,7.3,3.02,137020,115794,38053.0,435.22899932861327,0.0049330514446792595,-0.013513513513513598,0.03424657534246589,-0.28391874447992393,-0.1223538507014712,-0.1223538507014712,-0.0009423994281996251
1993-02-01,143.1,7.1,3.03,134462,130164,38072.87950639687,441.70368074115953,0.003506311360448766,-0.0273972602739726,0.0033112582781456013,-0.018668807473361526,0.12409969428467793,0.12409969428467793,0.014876493575874283
1993-03-01,143.6,7.0,3.07,153025,138668,38124.051533303835,450.15521638289744,0.0034940600978337066,-0.014084507042253502,0.013201320132013139,0.13805387395695434,0.06533296456777604,0.06533296456777604,0.019133948867160466
1993-04-01,144.0,7.1,2.96,158615,126589,38158.0,443.0776207333519,0.0027855153203342198,0.014285714285714235,-0.03583061889250816,0.036529978761640214,-0.08710733550638938,-0.08710733550638938,-0.01572256722118126
1993-05-01,144.2,7.1,3.0,163519,123210,38168.00431990117,445.24649810791016,0.001388888888888884,0.0,0.013513513513513598,0.030917630741102764,-0.026692682618552954,-0.026692682618552954,0.004895028033617299
1993-06-01,144.4,7.0,3.04,162964,138459,38163.70441887022,448.0595439564098,0.0013869625520113171,-0.014084507042253502,0.01333333333333342,-0.003394100991322091,0.12376430484538603,0.12376430484538603,0.006317951652520026
1993-07-01,144.4,6.9,3.06,164590,107698,38210.0,447.28618803478423,0.0,-0.014285714285714235,0.006578947368421018,0.009977663778503176,-0.22216685083670984,-0.22216685083670984,-0.0017260114912334146
1993-08-01,144.8,6.8,3.03,163989,124150,38318.66862148991,454.1277285489169,0.0027700831024930483,-0.01449275362318847,-0.009803921568627527,-0.0036514976608542637,0.15276049694516147,0.15276049694516147,0.015295666839595379
1993-09-01,145.1,6.7,3.09,159298,134114,38471.6691839647,459.23523385184154,0.002071823204419676,-0.014705882352941124,0.01980198019801982,-0.028605577203348997,0.08025775271848579,0.08025775271848579,0.011246847487698552
1993-10-01,145.7,6.8,2.99,163992,135483,38606.0,463.8999968029204,0.004135079255685792,0.014925373134328401,-0.032362459546925404,0.029466785521475414,0.010207733719074907,0.010207733719074907,0.010157676517877468
1993-11-01,145.8,6.6,3.02,169980,131460,38701.44450354891,462.8904753185454,0.000686341798215695,-0.02941176470588236,0.010033444816053505,0.03651397629152631,-0.02969376231704346,-0.02969376231704346,-0.0021761618696537477
1993-12-01,145.8,6.5,2.96,206174,138273,38773.40429586704,465.94545676491475,0.0,-0.015151515151515138,-0.019867549668874163,0.21293093305094724,0.05182565038795062,0.05182565038795062,0.006599793275649191
1994-01-01,146.2,6.6,3.05,145276,131392,38876.0,472.9928574335007,0.00274348422496562,0.01538461538461533,0.03040540540540526,-0.29537187036192736,-0.04976387291806783,-0.04976387291806783,0.015124947708507364
1994-02-01,146.7,6.6,3.25,146332,139057,39003.838588015096,471.5799994217722,0.0034199726402188713,0.0,0.06557377049180335,0.007268922602494454,0.05833688504627377,0.05833688504627377,-0.0029870599302382894
1994-03-01,147.2,6.5,3.34,173562,149256,39172.64251372831,463.8078268299932,0.0034083162917519783,-0.015151515151515138,0.027692307692307683,0.18608370007927189,0.0733440243928749,0.0733440243928749,-0.016481132790425512
1994-04-01,147.4,6.4,3.56,170795,137847,39288.0,447.2321070620888,0.0013586956521740579,-0.01538461538461533,0.06586826347305386,-0.015942429794540303,-0.0764391381251005,-0.0764391381251005,-0.03573833559729933
1994-05-01,147.5,6.1,4.01,175527,140366,39342.48823385727,450.89857264927457,0.0006784260515604323,-0.04687500000000011,0.1264044943820224,0.02770572909043012,0.01827388336343927,0.01827388336343927,0.008198126944130024
1994-06-01,148.0,6.1,4.25,178509,155070,39346.664864302766,454.825908314098,0.003389830508474523,0.0,0.05985037406483795,0.016988839323864635,0.10475471267970882,0.10475471267970882,0.008710020175376032
1994-07-01,148.4,6.1,4.26,173198,119501,39390.0,451.40099945068357,0.002702702702702675,0.0,0.0023529411764704466,-0.029752001299654385,-0.22937383117301868,-0.22937383117301868,-0.007530153407728113
1994-08-01,149.0,6.0,4.47,182445,142852,39487.77459529392,464.2430459727412,0.0040431266846361336,-0.016393442622950727,0.04929577464788726,0.053389762006489594,0.19540422255880707,0.19540422255880707,0.02844930901279641
1994-09-01,149.4,5.9,4.73,175128,153625,39621.56177806572,466.9580920991443,0.0026845637583892135,-0.016666666666666607,0.05816554809843422,-0.04010523719477099,0.07541371489373616,0.07541371489373616,0.005848329124056528
1994-10-01,149.5,5.8,4.76,178642,151572,39720.0,463.81380934942337,0.0006693440428380271,-0.016949152542372947,0.006342494714587588,0.020065323648988276,-0.013363710333604506,-0.013363710333604506,-0.006733543765322203
1994-11-01,149.7,5.6,5.29,184272,150202,39764.071398172164,461.0152398972284,0.0013377926421402897,-0.034482758620689724,0.1113445378151261,0.0315155450565936,-0.009038608714010521,-0.009038608714010521,-0.006033820890586239
1994-12-01,149.7,5.5,5.45,221549,154895,39762.924769760386,455.1866643996466,0.0,-0.017857142857142794,0.030245746691871522,0.20229334896240347,0.031244590617967694,0.031244590617967694,-0.01264291284357788
1995-01-01,150.3,5.6,5.53,158004,143440,39754.0,465.25,0.004008016032064354,0.018181818181818077,0.014678899082568808,-0.28682142550857825,-0.07395332321895476,-0.07395332321895476,0.022108151199082604
1995-02-01,150.9,5.4,5.92,155156,156606,39745.327161586974,481.92473722759047,0.003992015968063756,-0.03571428571428559,0.07052441229656403,-0.018024860130123277,0.09178750697155613,0.09178750697155613,0.03584038092980224
1995-03-01,151.4,5.4,5.98,181910,167745,39738.825192755496,493.1530469811481,0.003313452617627499,0.0,0.01013513513513531,0.17243290623630414,0.0711275430060152,0.0711275430060152,0.02329888649865053
1995-04-01,151.9,5.8,6.05,176635,146225,39760.0,507.9057906301398,0.0033025099075296716,0.07407407407407396,0.011705685618728978,-0.02899785608267824,-0.12828996393335124,-0.12828996393335124,0.029915142447767495
1995-05-01,152.2,5.6,6.01,190269,151770,39815.154548111284,523.8136402476918,0.0019749835418036987,-0.034482758620689724,-0.006611570247933907,0.07718742038667314,0.03792101213882715,0.03792101213882715,0.031320473030669094
1995-06-01,152.5,5.6,6.0,191609,161688,39895.048819215466,539.3540843616832,0.001971090670170872,0.0,-0.0016638935108153063,0.007042660654126509,0.06534888317849386,0.06534888317849386,0.02966788743157389
1995-07-01,152.5,5.7,5.85,182909,123259,39969.0,557.3664978027343,0.0,0.017857142857143016,-0.025000000000000022,-0.0454049653200006,-0.23767379149967838,-0.23767379149967838,0.03339626780126914
1995-08-01,152.9,5.7,5.74,193370,151465,40028.23656701905,559.1100012737771,0.0026229508196722318,0.0,-0.018803418803418737,0.05719237435008662,0.22883521690099706,0.22883521690099706,0.0031281095615112164
1995-09-01,153.2,5.6,5.8,182521,168324,40073.164645616635,578.765493774414,0.0019620667102679956,-0.01754385964912286,0.010452961672473782,-0.0561048766613228,0.11130624236622322,0.11130624236622322,0.03515496495476267
1995-10-01,153.7,5.5,5.76,184276,158469,40117.0,582.9181823730469,0.0032637075718016106,-0.017857142857142794,-0.006896551724137945,0.009615331934407445,-0.05854780067013621,-0.05854780067013621,0.007175079791905237
1995-11-01,153.6,5.6,5.8,193405,156881,40158.52718358037,595.5323806036087,-0.0006506180871828082,0.018181818181818077,0.00694444444444442,0.04953982070372698,-0.010020887365983278,-0.010020887365983278,0.021639740553656583
1995-12-01,153.5,5.6,5.6,227552,163769,40208.53608591269,614.5709991455078,-0.0006510416666666297,0.0,-0.034482758620689724,0.17655696595227632,0.043905890451998664,0.043905890451998664,0.031969073659105396
1996-01-01,154.4,5.6,5.56,167372,150440,40317.0,614.4200051047585,0.005863192182410382,0.0,-0.0071428571428571175,-0.2644670229222331,-0.08138902966983985,-0.08138902966983985,-0.0002456901496479258
1996-02-01,154.9,5.5,5.22,173941,159185,40479.64833091884,649.5420043945312,0.0032383419689119286,-0.017857142857142794,-0.0611510791366906,0.03924790287503277,0.05812948683860686,0.05812948683860686,0.057162851140864834
1996-03-01,155.7,5.5,5.31,191851,176264,40703.158584468394,647.0747593470982,0.005164622336991442,0.0,0.01724137931034475,0.10296594822382299,0.10729025976065576,0.10729025976065576,-0.0037984380236238957
1996-04-01,156.3,5.6,5.22,191886,155093,40873.0,647.1728544689361,0.003853564547206423,0.018181818181818077,-0.016949152542372836,0.00018243324246425274,-0.12010960831480055,-0.12010960831480055,0.00015159781836771025
1996-05-01,156.6,5.6,5.24,205797,163769,40982.56766225674,661.2304548783736,0.0019193857965449368,0.0,0.003831417624521105,0.07249616960070049,0.055940629170884604,0.055940629170884604,0.021721554469358972
1996-06-01,156.7,5.3,5.27,196842,172897,41035.79917892995,668.4989929199219,0.0006385696040867028,-0.05357142857142849,0.005725190839694472,-0.04351375384480827,0.05573704425135406,0.05573704425135406,0.010992442934113278
1996-07-01,157.0,5.5,5.4,197140,138374,41106.0,644.0704539905895,0.0019144862795150708,0.037735849056603765,0.024667931688804767,0.001513904552890244,-0.19967379422430698,-0.19967379422430698,-0.03654237207244171
1996-08-01,157.3,5.1,5.22,204270,153637,41203.2046594564,662.6822787198154,0.0019108280254778176,-0.07272727272727275,-0.03333333333333344,0.03616719082885256,0.1103025134779656,0.1103025134779656,0.028897187588576845
1996-09-01,157.8,5.2,5.3,189424,174797,41315.29429737984,674.885498046875,0.0031786395422759295,0.019607843137255054,0.015325670498084198,-0.07267831791256674,0.13772724018302873,0.13772724018302873,0.018414887071726227
1996-10-01,158.3,5.2,5.24,201927,169459,41401.0,701.4556539784307,0.003168567807350975,0.0,-0.011320754716981019,0.06600536362868481,-0.030538281549454482,-0.030538281549454482,0.03936987238346368
1996-11-01,158.6,5.4,5.31,203621,168650,41447.10172888195,735.6690063476562,0.0018951358180667732,0.03846153846153855,0.013358778625954137,0.008389170343737984,-0.004774016133696102,-0.004774016133696102,0.048774790216856045
1996-12-01,158.6,5.4,5.29,237478,166228,41470.5437324432,743.249040876116,0.0,0.0,-0.0037664783427494575,0.16627459839603964,-0.014361102875778187,-0.014361102875778187,0.010303593685551782
1997-01-01,159.1,5.3,5.25,181073,155358,41558.0,766.216816295277,0.0031525851197982124,-0.0185185185185186,-0.007561436672967825,-0.237516738392609,-0.0653921120388864,-0.0653921120388864,0.03090185678825419
1997-02-01,159.6,5.2,5.19,178428,172311,41705.57925246985,798.3842163085938,0.00314267756128217,-0.01886792452830177,-0.011428571428571344,-0.014607368298973356,0.10912215656741209,0.10912215656741209,0.04198211175897826
1997-03-01,160.0,5.2,5.39,203750,180530,41931.688257443784,792.1555023193359,0.0025062656641603454,0.0,0.038535645472061564,0.14191718788530938,0.04769863792793272,0.04769863792793272,-0.007801649709530678
1997-04-01,160.2,5.1,5.51,199219,170687,42128.0,763.9281865900213,0.0012499999999999734,-0.019230769230769384,0.02226345083487935,-0.022238036809815953,-0.054522793995457786,-0.054522793995457786,-0.035633553824556574
1997-05-01,160.1,4.9,5.5,211516,165694,42290.486944155025,833.0914306640625,-0.0006242197253433224,-0.039215686274509665,-0.001814882032667886,0.061726040186929954,-0.02925237422885163,-0.02925237422885163,0.09053631648645943
1997-06-01,160.3,5.0,5.56,205491,187205,42411.17381607503,876.2861909412202,0.0012492192379762734,0.020408163265306145,0.010909090909090757,-0.02848484275421248,0.12982365082622183,0.12982365082622183,0.05184876315763676
1997-07-01,160.5,4.9,5.52,208856,150782,42514.0,925.2945445667614,0.0012476606363067688,-0.019999999999999907,-0.007194244604316502,0.0163754130351208,-0.1945621110547261,-0.1945621110547261,0.05592733758921975
1997-08-01,160.8,4.8,5.54,211952,170465,42597.21768066635,927.7357119605655,0.0018691588785046953,-0.020408163265306256,0.0036231884057971175,0.014823610525912523,0.13053945431152258,0.13053945431152258,0.002638259793206865
1997-09-01,161.2,4.9,5.54,201415,190959,42663.47104179739,937.0242861793155,0.0024875621890545485,0.02083333333333348,0.0,-0.04971408620819806,0.12022409292230085,0.12022409292230085,0.010012090834706111
1997-10-01,161.6,4.7,5.5,210145,183393,42745.0,951.1595618206521,0.002481389578163906,-0.04081632653061229,-0.0072202166064981865,0.043343345828265045,-0.039621070491571486,-0.039621070491571486,0.015085282046394699
1997-11-01,161.5,4.6,5.52,207533,185230,42840.93465111214,938.9236899928043,-0.0006188118811880639,-0.021276595744680993,0.0036363636363636598,-0.012429512955340338,0.010016740006434377,0.010016740006434377,-0.012864163195107525
1997-12-01,161.3,4.7,5.5,249389,179906,42954.448893443034,962.3654563210227,-0.0012383900928791824,0.021739130434782705,-0.0036231884057970065,0.20168358767039463,-0.028742644280084217,-0.028742644280084217,0.024966636349752935
1998-01-01,161.6,4.6,5.56,187445,164391,43062.0,963.3590026855469,0.0018598884066955979,-0.021276595744680993,0.010909090909090757,-0.24838304816972678,-0.08623948061765585,-0.08623948061765585,0.0010324002778761
1998-02-01,161.9,4.6,5.51,183767,182332,43150.866805390186,1023.7421136153372,0.0018564356435644136,0.0,-0.008992805755395628,-0.01962175571500968,0.10913614492277568,0.10913614492277568,0.06267975984182517
1998-03-01,162.2,4.7,5.49,207973,193649,43242.71770890887,1076.8277310458097,0.0018529956763433386,0.021739130434782705,-0.003629764065335661,0.1317211468870907,0.06206809556194193,0.06206809556194193,0.05185448241745294
1998-04-01,162.5,4.3,5.45,212262,178239,43342.0,1112.1961960565477,0.0018495684340320562,-0.08510638297872353,-0.007285974499089298,0.020622869314766756,-0.07957696657354285,-0.07957696657354285,0.03284505403328386
1998-05-01,162.8,4.4,5.49,221155,175154,43458.732240081335,1108.4169982910157,0.0018461538461538307,0.023255813953488413,0.007339449541284404,0.04189633566064588,-0.017308220984184164,-0.017308220984184164,-0.0033979596216312524
1998-06-01,163.0,4.5,5.56,220867,187991,43587.255130217716,1108.389531915838,0.0012285012285011554,0.022727272727272707,0.012750455373406133,-0.0013022540751961298,0.07328979069847108,0.07328979069847108,-2.477982133086698e-05
1998-07-01,163.2,4.5,5.54,217687,145785,43748.0,1156.5772705078125,0.0012269938650306678,0.0,-0.003597122302158251,-0.014397805013877107,-0.2245107478549505,-0.2245107478549505,0.043475454435844885
1998-08-01,163.4,4.5,5.55,216605,173662,43939.106666596235,1074.6204717726935,0.001225490196078427,0.0,0.0018050541516245744,-0.0049704392085885285,0.1912199471824947,0.1912199471824947,-0.07086149868666769
1998-09-01,163.6,4.6,5.51,208915,193961,44144.15188619632,1020.6400001162574,0.001223990208078174,0.022222222222222143,-0.007207207207207245,-0.03550241222501793,0.1168879777959484,0.1168879777959484,-0.05023212666644061
1998-10-01,164.0,4.5,5.07,220499,181357,44321.0,1032.470009543679,0.0024449877750611915,-0.021739130434782483,-0.07985480943738643,0.05544838810042352,-0.0649821355839576,-0.0649821355839576,0.011590775813287824
1998-11-01,164.0,4.4,4.83,218969,177925,44449.43626186843,1144.4334838867187,0.0,-0.022222222222222143,-0.047337278106508895,-0.006938806978716405,-0.01892400072784617,-0.01892400072784617,0.10844235019719761
1998-12-01,163.9,4.4,4.68,265618,185472,44542.83402519412,1190.0509033203125,-0.0006097560975609762,0.0,-0.03105590062111807,0.2130392886664323,0.04241674863004086,0.04241674863004086,0.03986026280764543
1999-01-01,164.3,4.3,4.63,196810,171934,44627.0,1248.7747353001644,0.0024405125076265577,-0.022727272727272818,-0.010683760683760646,-0.25904870904833255,-0.07299214975845414,-0.07299214975845414,0.049345647161822104
1999-02-01,164.5,4.4,4.76,199451,185255,44699.79078854053,1246.5821147717927,0.0012172854534386879,0.023255813953488413,0.02807775377969768,0.013419033585691853,0.07747740412018556,0.07747740412018556,-0.0017558174956547878
1999-03-01,165.0,4.2,4.81,230230,204755,44779.803222023686,1281.663913892663,0.003039513677811634,-0.045454545454545525,0.010504201680672232,0.1543186045695435,0.10526031686054349,0.10526031686054349,0.028142389261932133
1999-04-01,166.2,4.3,4.74,227109,180224,44876.0,1334.7566615513392,0.0072727272727270975,0.023809523809523725,-0.014553014553014387,-0.013556009208183117,-0.11980659812947181,-0.11980659812947181,0.04142485957759634
1999-05-01,166.2,4.2,4.74,237462,182326,44998.677354848245,1332.0740112304688,0.0,-0.023255813953488302,0.0,0.04558604018334811,0.011663263494318121,0.011663263494318121,-0.0020098422417704764
1999-06-01,166.2,4.3,4.76,236830,198372,45141.71274898198,1322.552734375,0.0,0.023809523809523725,0.00421940928270037,-0.0026614784681338044,0.08800719590184625,0.08800719590184625,-0.007147708592162849
1999-07-01,166.7,4.3,4.99,236992,159656,45326.0,1380.990001860119,0.0030084235860408093,0.0,0.04831932773109249,0.0006840349617869279,-0.1951686729982054,-0.1951686729982054,0.044185207868278065
1999-08-01,167.1,4.2,5.07,240478,186590,45549.25158660733,1327.488653009588,0.002399520095980767,-0.023255813953488302,0.01603206412825653,0.014709357277882695,0.16870020544169972,0.16870020544169972,-0.03874130064552794
1999-09-01,167.9,4.2,5.22,230665,202427,45784.28972551848,1318.1719040643602,0.004787552363854086,0.0,0.029585798816567976,-0.04080622759670327,0.08487593118602277,0.08487593118602277,-0.0070183266155273705
1999-10-01,168.2,4.1,5.2,233193,193889,45932.0,1300.010009765625,0.0017867778439546456,-0.023809523809523947,-0.003831417624520994,0.010959616760236601,-0.04217816793214346,-0.04217816793214346,-0.01377809240413641
1999-11-01,168.3,4.1,5.42,240857,183986,45964.74169399227,1391.0028483072917,0.0005945303210466157,0.0,0.04230769230769216,0.032865480524715496,-0.05107561542944672,-0.05107561542944672,0.06999395224508431
1999-12-01,168.3,4.0,5.3,293013,202677,45915.969030232234,1428.6840931285512,0.0,-0.024390243902438935,-0.022140221402214055,0.21654342618234046,0.10158925135608143,0.10158925135608143,0.027089265034297982
2000-01-01,168.8,4.0,5.45,213709,185813,45983.0,1425.5855041503905,0.002970885323826611,0.0,0.028301886792452935,-0.27065010767440356,-0.08320628389013063,-0.08320628389013063,-0.0021688412386361433
2000-02-01,169.8,4.1,5.73,227087,189153,46182.75500746177,1388.8744995117188,0.005924170616113722,0.02499999999999991,0.05137614678899083,0.06259914182369486,0.017975060948372867,0.017975060948372867,-0.02575152772793554
2000-03-01,171.2,4.0,5.85,253717,212974,46505.970762186495,1442.212598717731,0.008244994110718329,-0.024390243902438935,0.02094240837696315,0.11726783127171525,0.1259350895835647,0.1259350895835647,0.03840382930550179
2000-04-01,171.3,3.8,6.02,239051,186872,46704.0,1461.3552567331415,0.0005841121495329116,-0.050000000000000044,0.029059829059828957,-0.05780456177552151,-0.12255956126099898,-0.12255956126099898,0.013273118008003904
2000-05-01,171.5,4.0,6.27,257581,190188,46748.156578779424,1418.4795476740057,0.0011675423234092097,0.05263157894736836,0.04152823920265791,0.07751483992955488,0.017744766471167406,0.017744766471167406,-0.029339689210811315
2000-06-01,172.4,4.0,6.53,255066,237143,46663.791013708105,1461.9590897993608,0.005247813411078717,0.0,0.04146730462519943,-0.00976391892259132,0.24688729047048175,0.24688729047048175,0.03065221645010796
2000-07-01,172.8,4.0,6.54,244445,159903,46624.0,1473.0024963378905,0.002320185614849146,0.0,0.0015313935681469104,-0.04164020292786963,-0.3257106471622607,-0.3257106471622607,0.007553841017565954
2000-08-01,172.8,4.1,6.5,257487,187688,46661.98955269688,1485.45825726053,0.0,0.02499999999999991,-0.006116207951070374,0.05335351510564745,0.17376159296573546,0.17376159296573546,0.00845603517550475
2000-09-01,173.7,3.9,6.52,243624,210685,46752.9425392259,1468.05400390625,0.005208333333333259,-0.04878048780487798,0.003076923076922977,-0.05383961132018311,0.12252781211372055,0.12252781211372055,-0.0117164203498904
2000-10-01,174.0,3.9,6.51,245167,187704,46777.0,1390.144092906605,0.0017271157167531026,0.0,-0.0015337423312883347,0.006333530358257011,-0.10907753280964472,-0.10907753280964472,-0.05307019414295355
2000-11-01,174.1,3.9,6.51,252145,185475,46712.741284881566,1375.0376034691221,0.0005747126436781436,0.0,0.0,0.028462231866442034,-0.011875079913054587,-0.011875079913054587,-0.010866851511699971
2000-12-01,174.0,3.9,6.4,294197,192978,46578.41622730701,1330.9294982910155,-0.0005743825387707346,0.0,-0.016897081413210335,0.166777052886236,0.040452891225232435,0.040452891225232435,-0.03207774468627256
2001-01-01,175.1,4.2,5.98,226791,167108,46519.0,1335.6390555245537,0.006321839080459801,0.0769230769230771,-0.06562499999999993,-0.22911858380608907,-0.13405673185544464,-0.13405673185544464,0.0035385474884923607
2001-02-01,175.8,4.2,5.49,223971,176646,46551.75621728401,1305.7515804893092,0.003997715591090856,0.0,-0.08193979933110374,-0.012434355860682311,0.05707686047346616,0.05707686047346616,-0.02237691007283893
2001-03-01,176.2,4.3,5.31,253439,201321,46661.50002387319,1185.850008877841,0.0022753128555175195,0.023809523809523725,-0.03278688524590179,0.13157060512298457,0.13968615196494683,0.13968615196494683,-0.09182571432656206
2001-04-01,176.9,4.4,4.8,249062,166962,46698.0,1189.8369995117187,0.0039727582292850006,0.023255813953488413,-0.096045197740113,-0.017270427992534643,-0.17066773958007364,-0.17066773958007364,0.003362137373216889
2001-05-01,177.7,4.3,4.21,268658,180620,46634.93774770049,1270.3686356977983,0.0045223289994347216,-0.022727272727272818,-0.12291666666666667,0.07867920437481435,0.0818030450042524,0.0818030450042524,0.06768291473464672
2001-06-01,178.0,4.5,3.97,260315,188450,46495.3343534172,1238.7104666573662,0.0016882386043894915,0.04651162790697683,-0.05700712589073631,-0.031054351629208887,0.04335068098770911,0.04335068098770911,-0.024920458637616383
2001-07-01,177.5,4.6,3.77,251504,144702,46390.0,1204.4495210193452,-0.002808988764044895,0.022222222222222143,-0.05037783375314864,-0.0338474540460596,-0.23214645794640487,-0.23214645794640487,-0.027658558283174428
2001-08-01,177.5,4.9,3.65,266460,171491,46344.13156751929,1178.5039274796195,0.0,0.0652173913043479,-0.03183023872679047,0.05946625103378067,0.1851322027338944,0.1851322027338944,-0.021541453657408116
2001-09-01,178.3,5.0,3.07,236210,169765,46353.43730370281,1044.643994140625,0.004507042253521165,0.020408163265306145,-0.1589041095890411,-0.11352548224874282,-0.010064668116694153,-0.010064668116694153,-0.11358463066412605
2001-10-01,177.7,5.3,2.49,265188,175302,46400.0,1076.5904381793478,-0.0033651149747617737,0.06000000000000005,-0.18892508143322462,0.12267897210109657,0.032615674609018264,0.032615674609018264,0.030581178102692785
2001-11-01,177.4,5.5,2.09,262004,160265,46477.89067602799,1129.6833321707588,-0.0016882386043892694,0.037735849056603765,-0.1606425702811246,-0.012006576466506824,-0.08577768650671413,-0.08577768650671413,0.04931577702027323
2001-12-01,176.7,5.7,1.82,298666,170130,46586.11413060406,1144.9300109863282,-0.003945885005637084,0.036363636363636376,-0.1291866028708133,0.13992916138684897,0.06155430068948298,0.06155430068948298,0.01349641831598225
2002-01-01,177.1,5.7,1.73,230546,152537,46683.0,1140.2076241629463,0.002263723825693287,0.0,-0.0494505494505495,-0.22808086625193358,-0.10340915770293302,-0.10340915770293302,-0.004124607424093707
2002-02-01,177.8,5.7,1.74,228084,167694,46754.71348721623,1100.6689388877467,0.0039525691699606735,0.0,0.005780346820809301,-0.010678996816253616,0.09936605544884203,0.09936605544884203,-0.03467674170677992
2002-03-01,178.8,5.7,1.73,257133,183541,46817.361303263315,1153.7910034179688,0.0056242969628796935,0.0,-0.005747126436781658,0.12736097227337306,0.09449950505086635,0.09449950505086635,0.048263435673857824
2002-04-01,179.8,5.9,1.75,257357,170163,46866.0,1112.034540349787,0.005592841163311046,0.03508771929824572,0.011560693641618602,0.0008711445049838229,-0.07288834647299514,-0.07288834647299514,-0.03619066446564689
2002-05-01,179.8,5.8,1.75,271682,176314,46904.82977172643,1079.2672784978693,0.0,-0.016949152542372947,0.0,0.0556619792739268,0.03614769368194026,0.03614769368194026,-0.029466046838447002
2002-06-01,179.9,5.8,1.75,260385,173578,46930.14233714159,1014.0480072021485,0.0005561735261401246,0.0,0.0,-0.04158170213705725,-0.015517769434077788,-0.015517769434077788,-0.060429212109991304
2002-07-01,180.1,5.8,1.73,266795,151584,46936.0,903.5854575417259,0.0011117287381878782,0.0,-0.011428571428571455,0.024617393475046656,-0.12670960605606696,-0.12670960605606696,-0.10893226836981706
2002-08-01,180.7,5.7,1.74,277716,176987,46919.962623089144,912.5522738370029,0.003331482509716821,-0.01724137931034475,0.005780346820809301,0.040934050488202534,0.16758364998944475,0.16758364998944475,0.009923595184535117
2002-09-01,181.0,5.7,1.75,246350,174195,46889.81876968138,867.8120056152344,0.0016602102933038765,0.0,0.005747126436781658,-0.11294271846058568,-0.015775169927734756,-0.015775169927734756,-0.04902762231214364
2002-10-01,181.3,5.7,1.75,259945,174042,46883.0,854.6313078507134,0.0016574585635360517,0.0,0.0,0.05518571138623907,-0.0008783260139498816,-0.0008783260139498816,-0.015188425234076597
2002-11-01,181.3,5.9,1.34,263738,164310,46906.16941759482,909.9270050048829,0.0,0.03508771929824572,-0.2342857142857142,0.014591548212121719,-0.055917537146206064,-0.055917537146206064,0.0647012303975043
2002-12-01,180.9,6.0,1.24,308821,167098,46958.7621525206,899.1785743350074,-0.0022062879205736463,0.016949152542372836,-0.0746268656716419,0.17093858298766196,0.016967926480433437,0.016967926480433437,-0.011812409798539591
2003-01-01,181.7,5.8,1.24,242271,160196,47027.0,895.8361903599331,0.004422332780541716,-0.033333333333333326,0.0,-0.21549700311831121,-0.041305102395001736,-0.041305102395001736,-0.0037171525995781662
2003-02-01,183.1,5.9,1.26,233478,169363,47100.018521527156,837.6189510947779,0.007705008255366019,0.017241379310344973,0.016129032258064502,-0.036294067387347195,0.057223651027491274,0.057223651027491274,-0.0649864784339248
2003-03-01,184.2,5.9,1.25,264532,188854,47198.29467600688,846.6214250837054,0.006007646095030017,0.0,-0.007936507936507908,0.1330061076418334,0.1150841683248407,0.1150841683248407,0.010747696165614551
2003-04-01,183.8,6.0,1.26,265990,168168,47342.0,890.0257132393973,-0.0021715526601518986,0.016949152542372836,0.008000000000000007,0.005511620522280936,-0.10953434928569161,-0.10953434928569161,0.051267646754156404
2003-05-01,183.5,6.1,1.26,281482,172361,47546.96932488179,935.9628528413318,-0.0016322089227421843,0.016666666666666607,0.0,0.058242791082371514,0.024933399933399825,0.024933399933399825,0.05161327242416247
2003-06-01,183.7,6.3,1.22,271242,183990,47788.71863710278,987.9952392578125,0.0010899182561308063,0.032786885245901676,-0.031746031746031744,-0.036378880354694054,0.06746885896461507,0.06746885896461507,0.05559236272948698
2003-07-01,183.9,6.2,1.01,279323,150336,48012.0,992.5409102006392,0.0010887316276537717,-0.015873015873015817,-0.17213114754098358,0.0297925837444053,-0.18291211478884717,-0.18291211478884717,0.0046009036908329914
2003-08-01,184.6,6.1,1.03,285212,170612,48196.4939744509,989.5319097609747,0.0038064165307232223,-0.016129032258064613,0.01980198019801982,0.021083118826591418,0.13487122179650912,0.13487122179650912,-0.003031613517125775
2003-09-01,185.2,6.1,1.01,265331,187270,48338.50173479156,1019.441900344122,0.003250270855904569,0.0,-0.01941747572815533,-0.06970604322398777,0.0976367430192484,0.0976367430192484,0.030226403300498195
2003-10-01,185.0,6.0,1.01,273781,190591,48450.0,1038.7343431555707,-0.001079913606911398,-0.016393442622950727,0.0,0.03184701373002019,0.01773375340417571,0.01773375340417571,0.018924514290550976
2003-11-01,184.5,5.8,1.0,272396,173368,48524.19129810271,1049.8989450555098,-0.002702702702702675,-0.033333333333333326,-0.00990099009900991,-0.005058787863292169,-0.0903662817236911,-0.0903662817236911,0.01074827454536842
2003-12-01,184.3,5.7,0.98,327693,187904,48572.460462654446,1080.6359197443182,-0.0010840108401083404,-0.01724137931034475,-0.020000000000000018,0.2030022467290269,0.08384476950763697,0.08384476950763697,0.02927612684398251
2004-01-01,185.2,5.7,1.0,252818,164926,48633.0,1132.5174987792968,0.004883342376559741,0.0,0.020408163265306145,-0.22849130130945727,-0.12228584809264309,-0.12228584809264309,0.048010229983150854
2004-02-01,186.2,5.6,1.01,253689,180111,48707.37436987419,1143.3563232421875,0.005399568034557323,-0.01754385964912286,0.010000000000000009,0.0034451660878576096,0.09207159574597101,0.09207159574597101,0.00957055804839535
2004-03-01,187.4,5.8,1.0,287944,214611,48804.19858488718,1123.9782449473505,0.0064446831364124435,0.03571428571428581,-0.00990099009900991,0.13502753371253773,0.1915485450638772,0.1915485450638772,-0.01694841573087824
2004-04-01,188.0,5.6,1.0,284325,183752,48905.0,1133.0785725911458,0.0032017075773744796,-0.034482758620689724,0.0,-0.012568416080904643,-0.14379039285031991,-0.14379039285031991,0.008096533615934431
2004-05-01,189.1,5.6,1.0,296253,181865,49014.62874769401,1102.7815002441407,0.005851063829787284,0.0,0.0,0.04195199155895546,-0.010269275980669623,-0.010269275980669623,-0.02673872146193812
2004-06-01,189.7,5.6,1.03,289664,197458,49125.63183166593,1132.7571556454614,0.0031729243786355887,0.0,0.030000000000000027,-0.02224112498438835,0.08573942209880947,0.08573942209880947,0.027181862766726184
2004-07-01,189.4,5.5,1.26,294875,163925,49243.0,1105.846656436012,-0.001581444385872377,-0.017857142857142794,0.2233009708737863,0.017989808882014957,-0.16982345612737904,-0.16982345612737904,-0.02375663581142018
2004-08-01,189.5,5.4,1.43,294133,184662,49362.6775516819,1088.9349920099432,0.000527983104540608,-0.018181818181818077,0.13492063492063489,-0.002516320474777456,0.1265029739210004,0.1265029739210004,-0.015292956150514181
2004-09-01,189.9,5.4,1.61,282974,197167,49482.616383410386,1117.6562034970239,0.0021108179419524475,0.0,0.12587412587412605,-0.037938619604056645,0.06771831779142423,0.06771831779142423,0.02637550606585548
2004-10-01,190.9,5.5,1.76,287468,186918,49623.0,1118.0680977957588,0.00526592943654558,0.01851851851851838,0.09316770186335388,0.015881317718235533,-0.05198131533167316,-0.05198131533167316,0.0003685339887580241
2004-11-01,191.0,5.4,1.93,294278,188131,49776.694399614214,1168.9376220703125,0.0005238344683080598,-0.018181818181818077,0.09659090909090895,0.023689593276469134,0.006489476668913641,0.006489476668913641,0.04549769765798839
2004-12-01,190.3,5.4,2.16,354627,201172,49945.23366749367,1199.2095447887075,-0.003664921465968529,0.0,0.11917098445595875,0.20507479322273503,0.06931871940296919,0.06931871940296919,0.025896953051079086
2005-01-01,190.7,5.3,2.28,263469,177594,50068.0,1181.4079956054688,0.0021019442984759884,-0.0185185185185186,0.05555555555555536,-0.25705318545965194,-0.11720318931063967,-0.11720318931063967,-0.014844402515471256
2005-02-01,191.8,5.4,2.5,265320,188951,50131.0228513372,1199.6268439041942,0.0057682223387520715,0.018867924528301883,0.09649122807017552,0.007025494460448867,0.06394923251911666,0.06394923251911666,0.015421300995502651
2005-03-01,193.3,5.2,2.63,306384,209708,50157.678070204274,1194.8977272727273,0.007820646506777829,-0.03703703703703709,0.052000000000000046,0.15477159656264128,0.10985387746029396,0.10985387746029396,-0.0039421563926295144
2005-04-01,194.6,5.2,2.79,302054,190899,50204.0,1164.4276123046875,0.0067252974650799935,0.0,0.06083650190114076,-0.014132591780249615,-0.08969138039559765,-0.08969138039559765,-0.0255001865620631
2005-05-01,194.4,5.1,3.0,311292,205691,50285.85853716628,1178.2757161458333,-0.0010277492291880241,-0.019230769230769384,0.07526881720430101,0.030583935322822997,0.07748600045050003,0.07748600045050003,0.011892627497674058
2005-06-01,194.5,5.0,3.04,317375,224203,50389.698088532205,1202.2531682794745,0.0005144032921811093,-0.019607843137254832,0.01333333333333342,0.019541138223918342,0.08999907628432946,0.08999907628432946,0.020349610710871602
2005-07-01,195.4,5.0,3.26,316887,169437,50470.0,1222.2369995117188,0.004627249357326502,0.0,0.07236842105263142,-0.0015376132335565007,-0.24426970201112386,-0.24426970201112386,0.01662198259027492
2005-08-01,196.4,4.9,3.5,321409,209010,50514.16996946714,1224.2699983016305,0.0051177072671442225,-0.019999999999999907,0.07361963190184051,0.01427007103478517,0.2335558349120912,0.2335558349120912,0.001663342535632495
2005-09-01,198.8,5.0,3.62,300439,214582,50536.69913062022,1225.914771670387,0.012219959266802416,0.020408163265306145,0.03428571428571425,-0.0652439726330003,0.026659011530548726,0.026659011530548726,0.0013434727397045876
2005-10-01,199.2,5.0,3.78,302213,211650,50629.0,1191.9642857142858,0.002012072434607548,0.0,0.044198895027624197,0.005904692799536759,-0.013663774221509772,-0.013663774221509772,-0.02769400185123916
2005-11-01,197.6,5.0,4.0,311715,215562,50799.30413358226,1237.3685651506696,-0.008032128514056214,0.0,0.058201058201058364,0.03144140060156242,0.018483345145287045,0.018483345145287045,0.03809197975187262
2005-12-01,196.8,4.9,4.16,370726,229512,51037.3075058183,1262.0719110398065,-0.004048582995951344,-0.019999999999999907,0.040000000000000036,0.18931074860048436,0.06471456008016263,0.06471456008016263,0.019964420129041205
2006-01-01,198.3,4.7,4.29,286152,191920,51200.0,1278.7224975585937,0.007621951219512146,-0.04081632653061229,0.03125,-0.22813074885494944,-0.16379100003485658,-0.16379100003485658,0.013193056887756072
2006-02-01,198.7,4.8,4.49,282417,209478,51261.03679350743,1276.6452765213817,0.0020171457387794245,0.02127659574468077,0.046620046620046596,-0.01305250356453913,0.09148603584827009,0.09148603584827009,-0.0016244502158817564
2006-03-01,199.8,4.7,4.59,326153,252659,51243.93639385426,1293.7347783627717,0.005535983895319729,-0.02083333333333326,0.022271714922048824,0.1548631987451181,0.2061362052339626,0.2061362052339626,0.013386257056428263
2006-04-01,201.5,4.7,4.79,316526,206157,51210.0,1302.1652703536183,0.008508508508508372,0.0,0.04357298474945548,-0.0295168218596793,-0.18405043952520983,-0.18405043952520983,0.006516398980566551
2006-05-01,202.5,4.6,4.94,337393,217869,51170.482763500186,1290.0136274857955,0.00496277915632759,-0.021276595744680993,0.03131524008350728,0.06592507408554105,0.056811071173911154,0.056811071173911154,-0.009331874489728054
2006-06-01,202.9,4.6,4.99,330844,237564,51135.96042176897,1253.1681795987215,0.0019753086419753707,0.0,0.010121457489878471,-0.019410598323023942,0.09039835864670964,0.09039835864670964,-0.028562060975188985
2006-07-01,203.5,4.7,5.24,325905,186090,51155.0,1260.2345031738282,0.0029571217348447476,0.021739130434782705,0.05010020040080154,-0.014928485932947266,-0.2166742435722584,-0.2166742435722584,0.005638767158426816
2006-08-01,203.9,4.7,5.25,339155,215695,51238.07891500757,1287.1495679772418,0.0019656019656020263,0.0,0.00190839694656475,0.04065601939215413,0.15908968778548016,0.15908968778548016,0.02135718767866579
2006-09-01,202.9,4.5,5.25,310775,243185,51365.251786355664,1317.7430114746094,-0.004904364884747436,-0.042553191489361764,0.0,-0.08367855405345637,0.12744848049328916,0.12744848049328916,0.02376836714123698
2006-10-01,201.8,4.4,5.25,312976,219885,51455.0,1363.3772638494318,-0.005421389847215297,-0.022222222222222143,0.0,0.007082294264339151,-0.095811830499414,-0.095811830499414,0.03463061611972096
2006-11-01,201.5,4.5,5.25,323089,218853,51487.33329164502,1388.634753999256,-0.0014866204162538033,0.022727272727272707,0.0,0.03231238178007256,-0.0046933624394569495,-0.0046933624394569495,0.018525679442908505
2006-12-01,201.8,4.4,5.24,380188,236933,51475.867706977915,1416.4200073242187,0.0014888337468983437,-0.022222222222222143,-0.0019047619047618536,0.1767283937243298,0.08261252987164891,0.08261252987164891,0.020009043591154185
2007-01-01,202.416,4.6,5.25,295284,204185,51492.0,1424.160986328125,0.0030525272547075044,0.04545454545454519,0.00190839694656475,-0.2233210937746588,-0.1382162889930909,-0.1382162889930909,0.005465172027984799
2007-02-01,203.499,4.5,5.26,290065,211359,51541.49979135022,1444.7947484066613,0.005350367559876723,-0.021739130434782483,0.0019047619047618536,-0.017674509963289564,0.03513480422166171,0.03513480422166171,0.0144883635183235
2007-03-01,205.352,4.4,5.26,335917,252090,51628.69662488622,1406.9518210671165,0.009105695851085338,-0.022222222222222143,0.0,0.1580749142433593,0.1927100336394476,0.1927100336394476,-0.02619259751689884
2007-04-01,206.686,4.5,5.25,321981,225558,51705.0,1463.6405029296875,0.006496162686508988,0.022727272727272707,-0.0019011406844106071,-0.04148643861430057,-0.10524812566940378,-0.10524812566940378,0.04029184298547972
2007-05-01,207.949,4.4,5.25,353201,229326,51767.36808467901,1511.1368130770597,0.006110718674704696,-0.022222222222222143,0.0,0.09696224311372403,0.016705237677227203,0.016705237677227203,0.03245080335799777
2007-06-01,208.352,4.6,5.25,338189,243703,51816.11680906553,1514.4895193917412,0.0019379751766057662,0.04545454545454519,0.0,-0.042502710920977016,0.06269241167595485,0.06269241167595485,0.0022186649717403917
2007-07-01,208.299,4.7,5.26,333815,211263,51882.0,1520.7047584170386,-0.0002543772078021922,0.021739130434782705,0.0019047619047618536,-0.012933596302659112,-0.1331128463744804,-0.1331128463744804,0.0041038507997028795
2007-08-01,207.917,4.6,5.02,349191,241388,51968.20480137207,1454.6169592815897,-0.0018339022270870142,-0.021276595744680993,-0.04562737642585557,0.04606144121744071,0.14259477523276676,0.14259477523276676,-0.04345866531268194
2007-09-01,208.49,4.7,4.94,317145,232386,52057.030003915155,1497.1163265830592,0.002755907405358915,0.021739130434782705,-0.015936254980079556,-0.09177212471111795,-0.0372926574643313,-0.0372926574643313,0.02921687873243206
2007-10-01,208.936,4.7,4.76,331073,235158,52066.0,1539.65869140625,0.002139191328121237,0.0,-0.036437246963562875,0.0439168203818443,0.011928429423459175,0.011928429423459175,0.02841620525259203
2007-11-01,210.177,4.7,4.49,341848,224134,51980.58840155187,1463.3852364676338,0.005939617873415681,0.0,-0.05672268907563016,0.032545692339755794,-0.04687911957067159,-0.04687911957067159,-0.04953919681312724
2007-12-01,210.036,5.0,4.24,387473,254048,51819.473488804535,1479.2234985351563,-0.000670863129647814,0.06382978723404253,-0.055679287305122505,0.13346575086003143,0.1334648023057634,0.1334648023057634,0.010823029830308695
2008-01-01,211.08,5.0,3.94,307576,219946,51740.0,1378.7638055710565,0.004970576472604682,0.0,-0.07075471698113212,-0.20620017394760404,-0.13423447537473232,-0.13423447537473232,-0.0679138027915206
2008-02-01,211.693,4.9,2.98,308171,229870,51764.66887166742,1354.872509765625,0.0029041121849535667,-0.019999999999999907,-0.24365482233502533,0.0019344812339063822,0.04512016585889267,0.04512016585889267,-0.01732805554431871
2008-03-01,213.528,5.1,2.61,334416,250906,51873.99736394784,1316.9429931640625,0.008668212930989627,0.04081632653061207,-0.12416107382550334,0.08516375648584718,0.09151259407491197,0.09151259407491197,-0.02799489717901482
2008-04-01,214.823,5.0,2.28,331002,225075,51923.0,1370.4690940163352,0.006064778389719416,-0.019607843137254832,-0.12643678160919547,-0.010208841682216141,-0.10295090591695699,-0.10295090591695699,0.04064420489733722
2008-05-01,216.632,5.4,1.98,357277,227995,51888.90518769862,1403.2176164899554,0.00842088603175628,0.08000000000000007,-0.13157894736842102,0.07938018501398791,0.01297345329334676,0.01297345329334676,0.023895848959020638
2008-06-01,218.815,5.6,2.0,339791,242479,51768.877096506636,1341.250964936756,0.010076996934894167,0.03703703703703698,0.010101010101010166,-0.04894241722808912,0.06352770894098558,0.06352770894098558,-0.044160400229441565
2008-07-01,219.964,5.8,2.01,344158,205540,51523.0,1257.32636607777,0.005251011128121874,0.03571428571428581,0.004999999999999893,0.012852017858036247,-0.15233896543618208,-0.15233896543618208,-0.06257188330369123
2008-08-01,219.086,6.1,2.0,342443,214872,51147.98867876721,1281.4723656063989,-0.00399156225564179,0.051724137931034475,-0.004975124378109319,-0.00498317633180112,0.04540235477279353,0.04540235477279353,0.019204241778491005
2008-09-01,218.783,6.1,1.81,313308,224233,50688.491242321936,1217.0228562127977,-0.0013830185406644713,0.0,-0.09499999999999997,-0.08507985270541374,0.04356547153654278,0.04356547153654278,-0.0502933275218177
2008-10-01,216.573,6.5,0.97,311422,197291,50281.0,968.8008741295856,-0.01010133328457874,0.06557377049180335,-0.4640883977900553,-0.006019635630114761,-0.1201518063799708,-0.1201518063799708,-0.20395835691668407
2008-11-01,212.425,6.8,0.39,299238,169856,49978.17443668276,883.04052734375,-0.019152895328595876,0.04615384615384621,-0.5979381443298969,-0.03912376132707385,-0.13905854803310846,-0.13905854803310846,-0.08852216082369513
2008-12-01,210.228,7.3,0.16,346513,191734,49755.19009984525,877.5618175159801,-0.010342473814287434,0.07352941176470584,-0.5897435897435898,0.15798461425353727,0.12880322155237378,0.12880322155237378,-0.0062043696275755345
2009-01-01,211.143,7.8,0.15,273998,138218,49594.0,865.5755004882812,0.004352417375421025,0.06849315068493156,-0.0625,-0.20927064785448168,-0.279115858428865,-0.279115858428865,-0.013658658328626117
2009-02-01,212.193,8.3,0.22,264465,137245,49496.988577484415,805.2273688065378,0.004972933035904736,0.06410256410256432,0.4666666666666668,-0.03479222476076471,-0.007039604103662334,-0.007039604103662334,-0.06972024005728017
2009-03-01,212.709,8.7,0.18,290068,162107,49439.40841170255,757.1268144087358,0.0024317484554154944,0.04819277108433728,-0.18181818181818188,0.09681054203769879,0.18115049728587573,0.18115049728587573,-0.05973536948836444
2009-04-01,213.24,9.0,0.15,292041,139893,49408.0,848.1518990652902,0.002496368277788097,0.034482758620689724,-0.16666666666666663,0.006801853358522791,-0.1370329473742652,-0.1370329473742652,0.12022435729956116
2009-05-01,213.856,9.4,0.18,307481,145714,49395.542655580415,902.4085021972656,0.0028887638341774657,0.04444444444444451,0.19999999999999996,0.052869288901215894,0.041610373642712695,0.041610373642712695,0.06397038454051596
2009-06-01,215.693,9.5,0.21,306050,157122,49407.37210949809,926.1150013316761,0.008589892263953347,0.010638297872340496,0.16666666666666674,-0.0046539460974824864,0.07829034958892067,0.07829034958892067,0.02627025241527292
2009-07-01,215.351,9.5,0.16,308847,145376,49473.0,935.8213639692826,-0.0015855869221532704,0.0,-0.23809523809523803,0.009139029570331747,-0.07475719504588796,-0.07475719504588796,0.01048073146817563
2009-08-01,215.834,9.6,0.16,314505,155455,49597.66736060139,1009.7247576032366,0.002242850044810618,0.010526315789473717,0.0,0.018319750556100578,0.06933056350429223,0.06933056350429223,0.07897168891346218
2009-09-01,215.969,9.8,0.15,288071,168746,49760.770537365446,1044.5523826962426,0.0006254806934959944,0.02083333333333348,-0.0625,-0.08404953816314531,0.08549741082628404,0.08549741082628404,0.034492196839538414
2009-10-01,216.177,10.0,0.12,300360,163196,49886.0,1067.6636297052557,0.000963101185818438,0.020408163265306145,-0.19999999999999996,0.0426596221070501,-0.03288966849584585,-0.03288966849584585,0.022125503126379842
2009-11-01,216.33,9.9,0.12,303850,151230,49951.520332986416,1088.0690063476563,0.0007077533687673832,-0.010000000000000009,0.0,0.01161939006525503,-0.07332287556067552,-0.07332287556067552,0.01911217735124482
2009-12-01,215.949,9.9,0.12,362735,174485,49974.734817537945,1110.377724387429,-0.001761198169463296,0.0,0.0,0.19379628105973334,0.15377239965615286,0.15377239965615286,0.020503036029540844
2010-01-01,216.687,9.8,0.11,279044,163488,50036.0,1123.5815815172698,0.0034174735701484327,-0.010101010101010055,-0.08333333333333326,-0.23072215253559758,-0.06302547496919508,-0.06302547496919508,0.011891320259621585
2010-02-01,216.741,9.8,0.13,275566,169065,50136.789437260275,1089.1599892064144,0.0002492073820765661,0.0,0.18181818181818188,-0.012463984174538756,0.03411259541984735,0.03411259541984735,-0.030635596806751653
2010-03-01,217.631,9.9,0.16,321305,199993,50290.022248896385,1152.0486901324728,0.004106283536571276,0.010204081632652962,0.23076923076923084,0.16598201519781108,0.1829355573300211,0.1829355573300211,0.057740553774731085
2010-04-01,218.009,9.9,0.2,316940,181528,50424.0,1197.316185360863,0.001736884910697345,0.0,0.25,-0.013585222763417892,-0.0923282314881021,-0.0923282314881021,0.03929303996967781
2010-05-01,218.178,9.6,0.2,324820,183535,50536.416712001075,1125.0620056152343,0.000775197354237811,-0.030303030303030387,0.0,0.02486275004732752,0.011056145608391077,0.011056145608391077,-0.06034678277054428
2010-06-01,217.965,9.4,0.18,319183,200080,50622.74367421717,1083.3608953302557,-0.0009762670846739097,-0.02083333333333326,-0.10000000000000009,-0.017354226956468155,0.09014629362246973,0.09014629362246973,-0.03706561067465297
2010-07-01,218.011,9.4,0.18,320915,174685,50706.0,1079.8033360072545,0.00021104305737162932,0.0,0.0,0.005426354160465996,-0.1269242303078768,-0.1269242303078768,-0.003283817367172648
2010-08-01,218.312,9.5,0.19,322319,191888,50786.07153612882,1087.2822709517045,0.0013806642784079948,0.010638297872340496,0.05555555555555558,0.004374990262218992,0.09848012136130757,0.09848012136130757,0.006926200998882415
2010-09-01,218.439,9.5,0.19,307638,213131,50852.517470622595,1122.0819033668154,0.0005817362307156682,0.0,0.0,-0.04554804401850343,0.1107052030351039,0.1107052030351039,0.03200606994598609
2010-10-01,218.711,9.4,0.19,315059,192327,50859.0,1171.5838099888392,0.0012451988884769616,-0.010526315789473606,0.0,0.02412250762259549,-0.09761132824413155,-0.09761132824413155,0.0441161259917775
2010-11-01,218.803,9.8,0.19,328381,186603,50797.09059164993,1198.8885614304315,0.0004206464238194485,0.042553191489361764,0.0,0.04228414360484867,-0.02976181191408378,-0.02976181191408378,0.02330584564996041
2010-12-01,219.179,9.3,0.18,386878,209011,50682.79895006235,1241.5254516601562,0.001718440789203024,-0.05102040816326525,-0.052631578947368474,0.17813759017726372,0.12008381430094905,0.12008381430094905,0.03556368089695794
2011-01-01,220.223,9.1,0.17,298626,184037,50646.0,1282.6184997558594,0.004763230053974166,-0.021505376344086113,-0.05555555555555547,-0.2281132553414772,-0.1194865342015492,-0.1194865342015492,0.033098836629368966
2011-02-01,221.309,9.0,0.16,299920,187466,50699.061722290295,1321.1178877981085,0.00493136502545144,-0.01098901098901095,-0.05882352941176472,0.004333179294502054,0.01863212288833216,0.01863212288833216,0.030016242592460163
2011-03-01,223.467,9.0,0.14,345052,233078,50831.98514846149,1304.4865138841712,0.0097510720305094,0.0,-0.12499999999999989,0.15048012803414235,0.24330811987240364,0.24330811987240364,-0.012588864375802644
2011-04-01,224.906,9.1,0.1,339014,194922,50897.0,1331.5050109863282,0.006439429535457064,0.011111111111111072,-0.2857142857142857,-0.01749881177329793,-0.1637048541689906,-0.1637048541689906,0.02071197886263154
2011-05-01,225.964,9.0,0.09,348979,205025,50870.76972213184,1338.3104654947917,0.004704187527233561,-0.01098901098901095,-0.10000000000000009,0.029394066321744905,0.05183098880577863,0.05183098880577863,0.005111099434332855
2011-06-01,225.722,9.1,0.09,346620,216548,50779.13137373392,1287.2886408025568,-0.0010709670566992902,0.011111111111111072,0.0,-0.006759719066190217,0.056202902085111583,0.056202902085111583,-0.038124057165891956
2011-07-01,225.922,9.0,0.07,341381,189215,50769.0,1325.184503173828,0.0008860456667936223,-0.01098901098901095,-0.2222222222222221,-0.015114534648895006,-0.1262214382030774,-0.1262214382030774,0.029438512210940626
2011-08-01,226.545,9.0,0.1,352224,216719,50870.17508702092,1185.3056534476902,0.0027575889023645495,0.0,0.4285714285714286,0.03176216602564286,0.14535845466797026,0.14535845466797026,-0.10555424500597976
2011-09-01,226.889,9.0,0.08,333642,221336,51056.81122574778,1173.8790573846727,0.0015184621156945077,0.0,-0.20000000000000007,-0.052756200599618386,0.021304085013312157,0.021304085013312157,-0.009640210548039763
2011-10-01,226.421,8.8,0.07,337067,206574,51232.0,1207.2161865234375,-0.0020626826333582926,-0.022222222222222143,-0.12499999999999989,0.010265494152414956,-0.0666949795785593,-0.0666949795785593,0.02839911737844414
2011-11-01,226.23,8.6,0.08,351517,206403,51367.18509634649,1226.414771670387,-0.0008435613304419443,-0.022727272727272818,0.1428571428571428,0.04286981519994537,-0.0008277905254291396,-0.0008277905254291396,0.01590318731745799
2011-12-01,225.672,8.5,0.07,408910,237529,51473.45306762058,1243.3228469122023,-0.0024665163771382392,-0.011627906976744096,-0.12499999999999989,0.16327233106791428,0.1508020716753149,0.1508020716753149,0.013786588055186622
2012-01-01,226.665,8.3,0.08,315540,204013,51559.0,1300.5780151367187,0.004400191428267641,-0.0235294117647058,0.1428571428571428,-0.22833875424910122,-0.1411027706090625,-0.1411027706090625,0.04605012154864663
2012-02-01,227.663,8.3,0.1,331470,224922,51622.40539308547,1352.4875,0.004402973551276279,0.0,0.25,0.05048488305761545,0.10248856690505015,0.10248856690505015,0.03991262673913831
2012-03-01,229.392,8.2,0.13,368502,240680,51672.267165497295,1389.2400013316762,0.0075945586239309915,-0.012048192771084487,0.30000000000000004,0.1117205176939089,0.07005984296778434,0.07005984296778434,0.027174004441206545
2012-04-01,230.085,8.2,0.14,349194,210894,51702.0,1386.4289855957031,0.0030210295040804525,0.0,0.0769230769230771,-0.052395916440073576,-0.12375768655476149,-0.12375768655476149,-0.0020234198074332577
2012-05-01,229.815,8.2,0.16,373129,220785,51713.41808944052,1341.2727161754262,-0.0011734793663211729,0.0,0.1428571428571428,0.06854356031317832,0.04690033855870723,0.04690033855870723,-0.03257020005310596
2012-06-01,229.478,8.2,0.16,356083,233259,51706.35991593151,1323.4842936197917,-0.0014663968844504938,0.0,0.0,-0.045683932366554214,0.05649840342414558,0.05649840342414558,-0.013262345786289709
2012-07-01,229.104,8.2,0.16,351520,206771,51684.0,1359.7761986142114,-0.0016297858618254946,0.0,0.0,-0.012814428096820096,-0.11355617575313282,-0.11355617575313282,0.027421485218505737
2012-08-01,230.379,8.1,0.13,372986,204001,51646.93066962196,1403.4482581097147,0.005565158181437102,-0.012195121951219523,-0.1875,0.061066226672735535,-0.013396462753480942,-0.013396462753480942,0.032117093636446103
2012-09-01,231.407,7.8,0.14,342582,223423,51608.00001519751,1443.4194721422698,0.004462212267611232,-0.03703703703703698,0.0769230769230771,-0.08151512389204951,0.09520541565972707,0.09520541565972707,0.028480717975589487
2012-10-01,231.317,7.8,0.16,355823,222736,51634.0,1437.816662016369,-0.00038892514055322014,0.0,0.1428571428571428,0.03865060044018653,-0.003074884859660787,-0.003074884859660787,-0.0038816229336197106
2012-11-01,230.221,7.7,0.16,368593,209712,51734.20141852525,1394.5123872302827,-0.00473808669488196,-0.012820512820512775,0.0,0.035888630021106094,-0.05847281086128875,-0.05847281086128875,-0.030118078285000016
2012-12-01,229.601,7.9,0.16,416807,239368,51896.44434070946,1422.2854919433594,-0.002693064490207231,0.025974025974025983,0.0,0.1308055226225131,0.14141298542763403,0.14141298542763403,0.019915997138066466
2013-01-01,230.28,8.0,0.14,333695,204169,51998.0,1480.395240420387,0.002957304192926058,0.012658227848101111,-0.12499999999999989,-0.1994016415271337,-0.14704973095818985,-0.14704973095818985,0.04085659932987751
2013-02-01,232.166,7.7,0.15,332486,225639,52019.14120107312,1512.3115812602796,0.008190029529268728,-0.03749999999999998,0.0714285714285714,-0.003623068970167398,0.10515798186796244,0.10515798186796244,0.021559337647444332
2013-03-01,232.773,7.5,0.14,374171,232999,51980.19372853384,1550.8289855957032,0.0026145085843749527,-0.025974025974025983,-0.06666666666666654,0.12537369994526082,0.03261847464312462,0.03261847464312462,0.0254692252659503
2013-04-01,232.531,7.6,0.15,362964,221353,51982.0,1570.702264959162,-0.0010396394770870732,0.013333333333333197,0.0714285714285714,-0.029951546218172975,-0.049983047137541314,-0.049983047137541314,0.012814616922977473
2013-05-01,232.945,7.5,0.11,389681,238678,52045.13385706019,1639.842723499645,0.0017804077735872337,-0.013157894736842035,-0.2666666666666666,0.07360785091634425,0.07826864781593201,0.07826864781593201,0.044018818895814604
2013-06-01,233.504,7.5,0.09,369316,260225,52158.377572738544,1618.7725158691405,0.002399708085599528,0.0,-0.18181818181818188,-0.052260695286657555,0.0902764393869564,0.0902764393869564,-0.012848919794904323
2013-07-01,233.596,7.3,0.09,376974,208090,52284.0,1668.6754427823153,0.0003939975332329926,-0.026666666666666727,0.0,0.02073563019203073,-0.20034585454894804,-0.20034585454894804,0.03082763416352008
2013-08-01,233.877,7.2,0.08,388227,224074,52410.86364048564,1670.0936390269887,0.0012029315570472043,-0.013698630136986245,-0.11111111111111105,0.02985086504639578,0.07681291748762553,0.07681291748762553,0.000849893399467172
2013-09-01,234.149,7.2,0.08,352680,248206,52522.04373080491,1687.1735046386718,0.001163004485263519,0.0,0.0,-0.09156241065150028,0.10769656452778986,0.10769656452778986,0.01022689100332963
2013-10-01,233.546,7.2,0.09,369773,236784,52544.0,1720.0265317170517,-0.002575283259804717,0.0,0.125,0.048466031529998954,-0.046018226795484396,-0.046018226795484396,0.01947222795287784
2013-11-01,233.069,6.9,0.08,378686,233300,52462.54293959527,1783.5410034179688,-0.002042424190523473,-0.04166666666666663,-0.11111111111111105,0.02410397730499514,-0.014713832015676775,-0.014713832015676775,0.03692644882489837
2013-12-01,233.049,6.7,0.09,430585,250119,52303.28348288559,1807.7752336774554,-8.58114978825597e-05,-0.02898550724637683,0.125,0.13705022102744757,0.0720917273896271,0.0720917273896271,0.013587705700650599
2014-01-01,233.916,6.6,0.07,340476,203981,52266.0,1822.3566603887648,0.003720247673236088,-0.014925373134328401,-0.2222222222222221,-0.20927110791132997,-0.18446419504315947,-0.18446419504315947,0.008065951142414596
2014-02-01,234.781,6.7,0.07,337481,221433,52367.522310784785,1817.0347386410363,0.003697908650968751,0.015151515151515138,0.0,-0.008796508417627136,0.0855569881508571,0.0855569881508571,-0.00292035135789126
2014-03-01,236.293,6.7,0.08,383567,251763,52609.11384329643,1863.5233386811756,0.006440044126228228,0.0,0.1428571428571428,0.13655879886571398,0.13697145411930478,0.13697145411930478,0.025584871357444916
2014-04-01,237.072,6.2,0.09,383816,231365,52840.0,1864.2633347284227,0.003296754453157691,-0.07462686567164178,0.125,0.0006491695062400549,-0.08102064242958651,-0.08102064242958651,0.0003970951325840133
2014-05-01,237.9,6.3,0.09,408288,231723,53049.03920415152,1889.7671421595983,0.0034926098400485106,0.016129032258064502,0.0,0.0637597181983034,0.0015473386207940365,0.0015473386207940365,0.013680367443846597
2014-06-01,238.343,6.1,0.1,385482,257228,53219.268194699216,1947.087611607143,0.0018621269440941557,-0.031746031746031744,0.11111111111111116,-0.05585762990830001,0.1100667607445096,0.1100667607445096,0.03033202777673427
2014-07-01,238.25,6.2,0.09,394700,286876,53340.0,1973.0999866832387,-0.0003901939641608454,0.016393442622950838,-0.10000000000000009,0.02391291940998541,0.11525961403890705,0.11525961403890705,0.013359632571759317
2014-08-01,237.852,6.1,0.09,401450,231195,53401.00421601119,1961.5319068545386,-0.0016705141657922251,-0.016129032258064613,0.0,0.017101596148973996,-0.1940943125252722,-0.1940943125252722,-0.005862895903286591
2014-09-01,238.031,5.9,0.09,374401,249698,53415.650324428774,1993.2261904761904,0.0007525688243108508,-0.032786885245901565,0.0,-0.06737825382986673,0.0800320076126213,0.0800320076126213,0.01615792407500316
2014-10-01,237.433,5.7,0.09,388391,238710,53464.0,1937.2743503736413,-0.0025122778125539202,-0.03389830508474578,0.0,0.037366353188159174,-0.04400515823114326,-0.04400515823114326,-0.028070993833962166
2014-11-01,236.151,5.8,0.09,391502,216401,53555.41229955469,2044.5721050061677,-0.005399417941061246,0.01754385964912264,0.0,0.008009969335025735,-0.09345649532906042,-0.09345649532906042,0.055385936747591735
2014-12-01,234.812,5.6,0.12,451097,240457,53687.749518463475,2054.2663629705257,-0.005670100910010967,-0.034482758620689724,0.33333333333333326,0.1522214445903214,0.11116399646951725,0.11116399646951725,0.004741460543563836
2015-01-01,233.707,5.7,0.11,350304,200582,53806.0,2028.1785095214843,-0.004705892373473297,0.017857142857143016,-0.08333333333333326,-0.22343974799211697,-0.16583006525075172,-0.16583006525075172,-0.012699352878132952
2015-02-01,234.722,5.5,0.11,341856,206166,53892.64873697476,2082.1957943564967,0.0043430449237722435,-0.03508771929824561,0.0,-0.024116196218141983,0.027838988543338994,0.027838988543338994,0.026633397692275462
2015-03-01,236.119,5.4,0.11,393110,249239,53966.88198043631,2079.9904396750712,0.00595172161109736,-0.018181818181818077,0.0,0.14992862491809422,0.20892387687591563,0.20892387687591563,-0.0010591485620145002
2015-04-01,236.599,5.4,0.12,387375,220091,54021.0,2094.862839471726,0.002032873254587786,0.0,0.09090909090909083,-0.014588791941186896,-0.11694798968058773,-0.11694798968058773,0.007150225074581629
2015-05-01,237.805,5.6,0.12,409482,211139,54059.41176434928,2111.9435180664063,0.0050972320254947245,0.03703703703703698,0.0,0.057068731848983534,-0.040674084810373934,-0.040674084810373934,0.008153602361378187
2015-06-01,238.638,5.3,0.13,397821,252759,54079.42318859606,2099.2836581143465,0.003502869998528224,-0.05357142857142849,0.08333333333333348,-0.02847744223189297,0.1971213276561885,0.1971213276561885,-0.005994412181842157
2015-07-01,238.654,5.2,0.13,406554,216803,54081.0,2094.1436268199573,6.7047159295619e-05,-0.01886792452830177,0.0,0.021952083977467174,-0.14225408392975125,-0.14225408392975125,-0.0024484691597161934
2015-08-01,238.316,5.1,0.14,404920,218267,54062.93524825278,2039.8662051246279,-0.0014162762828194841,-0.019230769230769384,0.0769230769230771,-0.004019146288069986,0.006752674086613286,0.006752674086613286,-0.025918671957449235
2015-09-01,237.945,5.0,0.14,381992,231339,54034.72280431143,1944.4023844401042,-0.0015567565753034085,-0.019607843137254832,0.0,-0.05662353057394054,0.059889951298180755,0.059889951298180755,-0.04679905988181765
2015-10-01,237.838,5.0,0.12,392604,228138,54045.0,2024.8127163973722,-0.00044968375044651676,0.0,-0.14285714285714302,0.027780686506523766,-0.013836836849817846,-0.013836836849817846,0.04135477954601585
2015-11-01,237.336,5.1,0.12,396058,216692,54101.074748583706,2080.61650390625,-0.0021106803790814643,0.020000000000000018,0.0,0.00879766889792255,-0.05017138749353467,-0.05017138749353467,0.027559974834692857
2015-12-01,236.525,5.0,0.24,464035,230959,54196.71730122533,2054.0795621004972,-0.0034170964371187385,-0.019607843137254832,1.0,0.1716339526029016,0.06583999409299834,0.06583999409299834,-0.012754364754836267
2016-01-01,236.916,4.8,0.34,351772,199424,54267.0,1918.5978875411183,0.0016531022090686687,-0.040000000000000036,0.41666666666666674,-0.24192787182001363,-0.13653938577842817,-0.13653938577842817,-0.06595736458272128
2016-02-01,237.111,4.9,0.38,363527,211114,54299.52239089924,1904.4184936523438,0.000823076533454925,0.02083333333333348,0.11764705882352944,0.03341653116223009,0.05861882220795889,0.05861882220795889,-0.007390498019857028
2016-03-01,238.132,5.0,0.36,404996,243551,54306.648322278976,2021.9540904651988,0.004306000143392774,0.020408163265306145,-0.052631578947368474,0.11407405777287516,0.15364684483264957,0.15364684483264957,0.0617173153929218
2016-04-01,239.261,5.1,0.37,394743,221215,54334.0,2075.5352318173364,0.004741067979104008,0.020000000000000018,0.0277777777777779,-0.025316299420241162,-0.09170974457095227,-0.09170974457095227,0.02649968246302259
2016-05-01,240.229,4.8,0.37,413036,217981,54392.364284096344,2065.5504789806546,0.004045790998115084,-0.05882352941176472,0.0,0.046341543738584345,-0.014619261804127204,-0.014619261804127204,-0.0048106881943599245
2016-06-01,241.018,4.9,0.38,410071,230820,54472.92048999224,2083.891368519176,0.0032843661672818936,0.02083333333333348,0.027027027027026973,-0.0071785510221868964,0.05889962886673605,0.05889962886673605,0.008879419663262222
2016-07-01,240.628,4.8,0.39,405965,197867,54549.0,2148.9019775390625,-0.001618136404749948,-0.020408163265306256,0.026315789473684292,-0.010012900205086384,-0.1427649250498224,-0.1427649250498224,0.031196736068868747
2016-08-01,240.849,4.9,0.4,416489,221537,54612.490808562856,2177.482167119565,0.0009184301078843937,0.02083333333333348,0.025641025641025772,0.025923417043341113,0.11962580925571209,0.11962580925571209,0.013299903801676782
2016-09-01,241.428,5.0,0.4,394200,230956,54663.365150695055,2157.690964471726,0.002403995864628916,0.020408163265306145,0.0,-0.05351641940123264,0.04251659993590229,0.04251659993590229,-0.009089030875517712
2016-10-01,241.729,4.9,0.4,397394,231422,54714.0,2143.0209379650296,0.0012467485130143174,-0.019999999999999907,0.0,0.008102486047691482,0.0020177003411905314,0.0020177003411905314,-0.006798946998551436
2016-11-01,241.353,4.7,0.41,413901,213364,54762.54633669703,2164.9856887090773,-0.0015554608673349346,-0.04081632653061229,0.02499999999999991,0.04153812085738595,-0.07803061074573725,-0.07803061074573725,0.010249433570586053
2016-12-01,241.432,4.7,0.54,482002,229243,54812.72367200004,2246.6290457589284,0.0003273213923173923,0.0,0.3170731707317074,0.16453451429206511,0.07442211432106638,0.07442211432106638,0.037710806808396446
2017-01-01,242.839,4.7,0.65,369081,192661,54866.0,2275.1159790039064,0.0058277278902547636,0.0,0.20370370370370372,-0.23427496151468252,-0.15957739167608176,-0.15957739167608176,0.01267985620445633
2017-02-01,243.603,4.6,0.66,365592,207598,54917.25663854562,2329.9105417351975,0.0031461173864164582,-0.021276595744680993,0.01538461538461533,-0.009453209458086476,0.07752996195389827,0.07752996195389827,0.02408429426761849
2017-03-01,243.801,4.4,0.79,423002,250524,54979.363955078,2366.822170091712,0.0008127978719472129,-0.04347826086956508,0.19696969696969702,0.1570329766515679,0.20677463174019017,0.20677463174019017,0.01584250884114402
2017-04-01,244.524,4.4,0.9,407240,211822,55057.0,2359.309454666941,0.002965533365326678,0.0,0.139240506329114,-0.03726223516673677,-0.15448420111446404,-0.15448420111446404,-0.0031741782376831784
2017-05-01,244.733,4.4,0.91,434506,221661,55157.78370514486,2395.345880681818,0.0008547218268963874,0.0,0.011111111111111072,0.0669531480208232,0.04644937730736176,0.04644937730736176,0.015274141314355116
2017-06-01,244.955,4.3,1.04,423066,260463,55274.775210882646,2433.98545143821,0.0009071110148610728,-0.022727272727272818,0.1428571428571428,-0.026328750350973262,0.1750510915316632,0.1750510915316632,0.016131102847407375
2017-07-01,244.786,4.3,1.15,416906,198954,55413.0,2454.102502441406,-0.0006899226388520363,0.0,0.10576923076923062,-0.014560375922432867,-0.23615254373941785,-0.23615254373941785,0.008265066248160702
2017-08-01,245.519,4.4,1.16,431804,226796,55568.38282352137,2456.2230702275815,0.0029944522971085963,0.023255813953488413,0.008695652173912993,0.035734674003252476,0.13994189611669028,0.13994189611669028,0.0008640909595527546
2017-09-01,246.819,4.3,1.15,412546,238114,55730.06736005272,2492.8410400390626,0.005294905893230117,-0.022727272727272818,-0.008620689655172376,-0.044598938407240274,0.0499038783752801,0.0499038783752801,0.014908242763181923
2017-10-01,246.663,4.2,1.15,417773,228920,55877.0,2556.9972700639205,-0.0006320421037276924,-0.023255813953488302,0.0,0.012670102243143688,-0.03861175739351741,-0.03861175739351741,0.02573618975073222
2017-11-01,246.669,4.2,1.16,441933,227511,55994.67854625114,2593.605736142113,2.4324685907517463e-05,0.0,0.008695652173912993,0.05783044859289621,-0.006154988642320447,-0.006154988642320447,0.014316975034266433
2017-12-01,246.524,4.1,1.3,496765,245917,56094.5134454361,2664.34052734375,-0.0005878322772623346,-0.023809523809523947,0.12068965517241392,0.12407310610431899,0.08090158278061277,0.08090158278061277,0.027272761706199855
2018-01-01,247.867,4.0,1.41,389740,204291,56195.0,2789.8038155691966,0.0054477454527752656,-0.024390243902438935,0.08461538461538454,-0.21544392217648178,-0.1692684930281355,-0.1692684930281355,0.047089809631251756
2018-02-01,248.991,4.1,1.42,380598,220186,56289.80873788572,2705.1552477384867,0.004534689974865724,0.02499999999999991,0.007092198581560183,-0.02345666341663677,0.07780567915375625,0.07780567915375625,-0.03034212203679254
2018-03-01,249.554,4.0,1.51,444925,268069,56399.50478787286,2702.7738211495534,0.002261125904149175,-0.024390243902438935,0.06338028169014098,0.16901560176354047,0.21746614226154248,0.21746614226154248,-0.0008803289907017842
2018-04-01,250.546,4.0,1.69,420209,232661,56512.0,2653.6252092633927,0.003975091563348965,0.0,0.11920529801324498,-0.0555509355509356,-0.13208539592418367,-0.13208539592418367,-0.018184507893915014
2018-05-01,251.588,3.8,1.7,464271,241465,56635.1164439579,2701.4936190518465,0.004158916925434797,-0.050000000000000044,0.00591715976331364,0.10485734479746989,0.037840463163143045,0.037840463163143045,0.018038873621396334
2018-06-01,251.989,4.0,1.82,443732,261381,56753.81125153376,2754.3528878348216,0.001593875701543901,0.05263157894736836,0.07058823529411762,-0.04423924819771208,0.0824798625059533,0.0824798625059533,0.019566682819531334
2018-07-01,252.006,3.8,1.91,441832,215595,56831.0,2793.643357049851,6.746326228523891e-05,-0.050000000000000044,0.049450549450549275,-0.004281863827715782,-0.17516958003833483,-0.17516958003833483,0.014264863949918771
2018-08-01,252.146,3.8,1.91,456445,251050,56854.524102746094,2857.8204292629075,0.0005555423283571947,0.0,0.0,0.03307365695558495,0.16445186576683124,0.16445186576683124,0.022972535864717036
2018-09-01,252.439,3.7,1.95,417510,250454,56837.558375828565,2901.5005139802633,0.0011620251758901468,-0.02631578947368407,0.020942408376963373,-0.08530052908893737,-0.0023740290778729856,-0.0023740290778729856,0.01528440495074146
2018-10-01,252.885,3.8,2.19,442256,241592,56851.0,2785.4647800611415,0.001766763455725906,0.027027027027026973,0.12307692307692308,0.0592704366362482,-0.0353837431224896,-0.0353837431224896,-0.039991629627507685
2018-11-01,252.038,3.8,2.2,460034,228544,56905.3466766274,2723.231422061012,-0.0033493485181009808,0.0,0.004566210045662267,0.0401984371043016,-0.05400841087453223,-0.05400841087453223,-0.022342180897639508
2018-12-01,251.233,3.9,2.27,493873,243801,56999.275639052496,2567.3073858963817,-0.0031939628151310684,0.026315789473684292,0.031818181818181746,0.0735576066116852,0.06675738588630642,0.06675738588630642,-0.05725699068447987
2019-01-01,251.712,4.0,2.4,399359,209313,57100.0,2607.3899972098216,0.0019065966652469513,0.025641025641025772,0.05726872246696035,-0.19137308579331125,-0.1414596330613902,-0.1414596330613902,0.015612704397469424
2019-02-01,252.776,3.8,2.4,384977,210489,57191.98083865615,2754.8642064144738,0.004227053140096748,-0.050000000000000044,0.0,-0.036012710368365286,0.005618380129280176,0.005618380129280176,0.056560088579945766
2019-03-01,254.202,3.8,2.41,447160,254141,57297.29949403034,2803.9837937127977,0.005641358356806014,0.0,0.004166666666666874,0.16152393519612862,0.20738375877124215,0.20738375877124215,0.017830130132713284
2019-04-01,255.548,3.6,2.42,442704,220629,57418.0,2903.799979073661,0.0052950016128905375,-0.05263157894736836,0.004149377593360981,-0.009965113158600936,-0.13186380788617347,-0.13186380788617347,0.0355979893980396
2019-05-01,256.092,3.7,2.39,475656,220049,57565.19944040521,2854.705910422585,0.0021287585893843275,0.0277777777777779,-0.012396694214875992,0.07443348151360718,-0.002628847522311184,-0.002628847522311184,-0.01690683552754113
2019-06-01,256.143,3.6,2.38,448224,231478,57721.26112944382,2890.165979003906,0.00019914718148150712,-0.027027027027027084,-0.004184100418410108,-0.057671930975326746,0.051938431894714254,0.051938431894714254,0.012421618791573552
2019-07-01,256.571,3.7,2.4,461642,208890,57845.0,2996.1136363636365,0.0016709416224534035,0.0277777777777779,0.008403361344537785,0.029935924894695543,-0.09758162762767952,-0.09758162762767952,0.03665798370384432
2019-08-01,256.558,3.7,2.13,472891,228388,57922.049664764214,2897.450450550426,-5.066823608290694e-05,0.0,-0.11250000000000004,0.024367366920687417,0.09334099286705921,0.09334099286705921,-0.03293038842577323
2019-09-01,256.759,3.5,2.04,428334,229365,57960.63030972474,2982.156005859375,0.0007834485769300237,-0.05405405405405406,-0.04225352112676051,-0.09422255868688556,0.004277807940872513,0.004277807940872513,0.02923451384400977
2019-10-01,257.346,3.6,1.83,455035,226524,58017.0,2977.675197435462,0.002286190552229783,0.028571428571428692,-0.1029411764705882,0.06233686795818216,-0.012386371067948487,-0.012386371067948487,-0.001502539912435541
2019-11-01,257.208,3.6,1.55,467311,204062,58095.9927772954,3104.9044921875,-0.0005362430346691482,0.0,-0.15300546448087438,0.02697814453833214,-0.09915947096113431,-0.09915947096113431,0.042727727611666655
2019-12-01,256.974,3.6,1.55,518979,220911,58090.54207837029,3176.74951171875,-0.0009097695250538385,0.0,0.0,0.11056448489335802,0.08256804304574095,0.08256804304574095,0.023139204349771347
2020-01-01,257.971,3.5,1.55,416285,211354,57279.0,3278.202857607887,0.003879769937814803,-0.02777777777777779,0.0,-0.19787698538861875,-0.04326176605058141,-0.04326176605058141,0.0319362120037745
2020-02-01,258.678,3.5,1.58,413203,225748,55674.34831240152,3277.3141832853617,0.002740618131495287,0.0,0.019354838709677358,-0.007403581680819671,0.06810375010645653,0.06810375010645653,-0.0002710858238875735
2020-03-01,258.115,4.4,0.65,428285,220073,53362.20554628271,2652.393632368608,-0.002176451031784654,0.25714285714285734,-0.5886075949367089,0.03650021902067513,-0.02513865017630279,-0.02513865017630279,-0.1906806964385388
2020-04-01,256.389,14.7,0.05,375242,157005,52394.0,2761.9752255394346,-0.006686941866997254,2.3409090909090904,-0.9230769230769231,-0.12384977293157595,-0.28657763560273186,-0.28657763560273186,0.04131422720728284
2020-05-01,256.394,13.2,0.05,460253,174415,53054.425296150046,2919.6084838867187,1.9501616683959e-05,-0.10204081632653061,0.0,0.2265497998624888,0.11088818827425873,0.11088818827425873,0.05707265470366307
2020-06-01,257.797,11.0,0.08,478667,213266,55003.23669802776,3104.6609330610795,0.005472046927775365,-0.16666666666666663,0.5999999999999999,0.040008430146028395,0.22275033684029477,0.22275033684029477,0.06338262482646662
2020-07-01,259.101,10.2,0.09,492259,204830,56484.0,3207.6190962357955,0.005058243501669724,-0.07272727272727275,0.125,0.028395523401446132,-0.039556234936651835,-0.039556234936651835,0.03316245006929086
2020-08-01,259.918,8.4,0.1,487134,219699,57110.417170843735,3391.7100190662204,0.0031532105240814623,-0.17647058823529405,0.11111111111111116,-0.01041118598136348,0.07259190548259542,0.07259190548259542,0.05739176545197
2020-09-01,260.28,7.9,0.09,474284,236069,57026.153997929156,3365.516671316964,0.0013927469432666317,-0.059523809523809534,-0.10000000000000009,-0.026378778734393427,0.07451103555318861,0.07451103555318861,-0.007722755660717562
2020-10-01,260.388,6.9,0.09,494134,231202,57005.0,3418.6999955610795,0.0004149377593360981,-0.12658227848101267,0.0,0.04185256091287082,-0.020616853547056113,-0.020616853547056113,0.01580242483936467
2020-11-01,260.229,6.7,0.09,491813,217877,57171.29792398508,3548.99248046875,-0.0006106272178441063,-0.02898550724637683,0.0,-0.004697106452905442,-0.05763358448456324,-0.05763358448456324,0.03811170476404624
2020-12-01,260.474,6.7,0.09,558834,240298,57514.00330305505,3695.3100142045455,0.0009414784670425114,0.0,0.0,0.13627333966365263,0.10290668588240148,0.10290668588240148,0.04122790750925187
2021-01-01,261.582,6.3,0.09,462558,215529,57889.0,3793.7484323601975,0.00425378348702754,-0.059701492537313494,0.0,-0.1722801404352634,-0.10307618040932509,-0.10307618040932509,0.026638744185808694
2021-02-01,263.014,6.2,0.08,438933,226851,58233.81889069994,3883.4321160567433,0.005474382793923205,-0.015873015873015817,-0.11111111111111105,-0.05107467604062621,0.0525312138969698,0.0525312138969698,0.023639860495639375
2021-03-01,264.877,6.1,0.07,565764,267961,58607.36673946487,3910.5082795516305,0.007083273133749568,-0.016129032258064613,-0.12499999999999989,0.2889529837127762,0.18122027233734928,0.18122027233734928,0.006972225259954001
2021-04-01,267.054,6.1,0.07,557874,236534,58864.0,4141.176199776785,0.008218909154060094,0.0,0.0,-0.013945744161876661,-0.11728199252876348,-0.11728199252876348,0.058986685038192155
2021-05-01,269.195,5.8,0.06,567461,235324,59001.426266443945,4167.849536132812,0.008017105154762838,-0.0491803278688524,-0.14285714285714302,0.017184884041916204,-0.005115543642774445,-0.005115543642774445,0.006441004938998907
2021-06-01,271.696,5.9,0.08,560679,263226,59043.66987034862,4238.48954634233,0.00929066290235725,0.017241379310344973,0.3333333333333335,-0.011951482128287227,0.1185684418078905,0.1185684418078905,0.016948790880551234
2021-07-01,273.003,5.4,0.1,554845,228559,59202.0,4363.712797619048,0.004810523526293853,-0.0847457627118644,0.25,-0.010405240788401215,-0.13170051590648335,-0.13170051590648335,0.02954431051617923
2021-08-01,273.567,5.2,0.09,553822,250971,59511.432565022114,4453.965931285511,0.00206591136361145,-0.03703703703703709,-0.10000000000000009,-0.0018437581666952418,0.09805783189460926,0.09805783189460926,0.02068264751880733
2021-09-01,274.31,4.8,0.08,532840,260121,59911.420775223974,4445.543317522322,0.002715970859058281,-0.07692307692307698,-0.11111111111111105,-0.03788581890932463,0.03645839559152253,0.03645839559152253,-0.0018910368631307461
2021-10-01,276.589,4.5,0.08,557737,247086,60154.0,4460.707077752976,0.008308118552003085,-0.0625,0.0,0.046725095713535,-0.050111294359163616,-0.050111294359163616,0.0034110026936158278
2021-11-01,277.948,4.2,0.08,579687,244327,60180.1876631099,4667.386648995535,0.004913427504347645,-0.06666666666666665,0.0,0.039355466823969065,-0.011166152675586627,-0.011166152675586627,0.04633336545978084
2021-12-01,278.802,3.9,0.08,632849,267477,60022.86171649277,4674.772771661932,0.003072517161483601,-0.07142857142857151,0.0,0.0917081114463496,0.09475006855566526,0.09475006855566526,0.0015824964207724612
2022-01-01,281.148,4.0,0.08,518146,242492,59877.0,4573.815454101563,0.008414573783545265,0.025641025641025772,0.0,-0.1812486074877261,-0.09340990066435617,-0.09340990066435617,-0.021596197824280017
2022-02-01,283.716,3.8,0.08,506400,250105,59785.553150237494,4435.980494449013,0.009133979256476854,-0.050000000000000044,0.0,-0.022669286262945176,0.03139485013938614,0.03139485013938614,-0.03013566267282297
2022-03-01,287.504,3.6,0.2,597077,294088,59732.87870162241,4391.265264096467,0.013351379548562692,-0.05263157894736836,1.5,0.17906200631911529,0.17585813958137586,0.17585813958137586,-0.010080123302728894
2022-04-01,289.109,3.6,0.33,594426,260366,59756.0,4391.29599609375,0.005582531025655202,0.0,0.6499999999999999,-0.004439963354810228,-0.11466635836892358,-0.11466635836892358,6.998437906746702e-06
2022-05-01,292.296,3.6,0.77,614474,263971,59861.57752657494,4040.3600027901784,0.011023523999598828,0.0,1.3333333333333335,0.03372665394851504,0.013845893857108882,0.013845893857108882,-0.07991626927807738
2022-06-01,296.311,3.6,1.21,609933,294470,60028.896998153614,3898.9466843377977,0.013736075758819855,0.0,0.5714285714285714,-0.007390060441938906,0.11553920695834008,0.11553920695834008,-0.03500017779473219
2022-07-01,296.276,3.5,1.68,600746,249456,60181.0,3911.7294921875,-0.00011811913833770227,-0.02777777777777779,0.38842975206611574,-0.015062310122587186,-0.1528644683668965,-0.1528644683668965,0.003278528506442946
2022-08-01,296.171,3.7,2.33,613416,279323,60297.36656471915,4158.563083814538,-0.0003543992763505033,0.05714285714285716,0.3869047619047621,0.021090444214360238,0.11972852927971256,0.11972852927971256,0.06310088469052211
2022-09-01,296.808,3.5,2.56,577370,289932,60375.95352124089,3850.5204961867557,0.0021507845130008807,-0.05405405405405406,0.09871244635193133,-0.0587627319796028,0.03798111863326681,0.03798111863326681,-0.07407428513630321
2022-10-01,298.012,3.7,3.08,597349,273120,60422.0,3726.050955636161,0.004056494434112379,0.05714285714285716,0.203125,0.03460346051925112,-0.05798601051280994,-0.05798601051280994,-0.03232538060084589
